es,guh
Su mano. Ya me voy (regreso a mi casa).,Necobeyo. Nawiatajë rabaja.
Bien.,Je.
Su mano. Me voy ya (regreso a mi casa).,Necobeyo. Nawiatajë rabaja.
Ya me voy (regreso a mi casa).,Nawiatajë baja.
Bueno. Con cuidado (en el camino).,Je. Xania baja.
Bueno.,Je.
Ya me voy (pronunciación rápida).,Nawiatajëbaja.
Con cuidado (pronunciación rápida).,Xaniabaja.
me voy (despedida general),ponajë
regreso (me voy a mi propio hogar),nawiatajë
decir,jumaisi
ser (un estado); hacer,itsi
decir (forma alternativa usada en diálogo),jai
llorar,aëaëjai
relampaguear,binebinejai
tronar,jurujurujai
soplar (el viento),bubujai
ladrar,jojojai
decir (se usa antes de la cita),jumaitsi
hacer; ser (en un sentido limitado),itsi
decir (se usa después de la cita y es obligatorio),jai
reír,jëjëajai
temblar (de miedo; de frío),neconecojai
gritar (desde lejos),wawajai
silbar,copicopijai
hablar,cuaicuaijai
gritar (una vez),aëjai
estar casi hirviendo,sëbia
brillar (como barniz),binenebia
viento,jowibo
rayo,yamaxë
desear; querer; gustar,jitsipa
¿Qué dice? / ¿Qué dijo?,¿Detsa jumaitsi?
negro,tsaebia
rojo; castaño; maduro,tsobia
negro brillante,tsaejai
rojo brillante,tsaujai
blanco brillante,niojai
amarillo brillante,wayajai
amarillo,wayana
verde; azul,raëna
color oscuro (por ejemplo gris),tsëcëna
gris claro,purana
morado,pabana
color de canela,tsauna
"querer; desear; estimar (amor hacia algo que todavía no se tiene, como novios)",jitsipa
"amar; mezquinar (amor hacia lo que ya se posee, como hijos o padres)",asiwa
Yo digo.,Janë
Yo lloro.,Aëaëjanë
Yo soy (estoy) negro.,Tsaebianë
Yo soy; yo hago.,Itsinë
Roberto dijo: -¿Quién llegó? -dijo.,Roberto jumaitsi: -¿Jipatsa pata? -jai.
-José llegó -decimos (nosotros).,-José pata -pajanë.
Roberto hizo una pregunta. Dijo: -¿Quién vino? -dijo.,Roberto yanijoba. Jumaitsi: -¿Jipatsa pata? -jai.
preguntar; hacer una pregunta,yanijoba
Dígales que Roberto se va mañana. (Orden para el futuro: la persona respondería 'Bien').,"""Roberto merawia ponaena"" -jamë tsane."
"Dígales/diga (ya): ""Roberto se va mañana"". (Orden inmediata: la persona repite el mensaje al instante).","""Roberto merawia ponaena"" -jamëre."
negro (atributo temporal),tsaebia
cosa negra (atributo permanente),petsaebiajawa
amarillo (atributo temporal),wayana
cosa amarilla (atributo permanente),pewayanaejawa
comer,xane
comida,pexaejawa
doler (temporalmente),atane
cosa que duele; dolor,piatanejawa
Aprendí/estoy aprendiendo a leer.,Nacujarubajë tayorobijawa.
Usted aprendió a leer.,Nacujarubame neyorobijawa.
Él/ella aprendió a leer.,Nacujaruba peyorobijawa.
Aprendimos a leer (exclusivo).,Panacujarubajë patayorobijawa.
Aprendimos a leer (inclusivo).,Nacujarubatsi wajayorobijawa.
Ustedes aprendieron a leer.,Panacujarubame paneyorobijawa.
Ellos/ellas aprendieron a leer.,Nacujaruba peyorobijawa.
Quiero ir.,Jitsipajë taponaejawa.
Quiero que usted vaya.,Jitsipajë neponaejawa.
Quiero que él/ella vaya.,Jitsipajë peponaejawa.
Quiero que vayamos (exclusivo).,Jitsipajë pataponaejawa.
Quiero que vayamos (inclusivo).,Jitsipajë wajaponaejawa.
Quiero que ustedes vayan.,Jitsipajë paneponaejawa.
Quiero que ellos/ellas vayan.,Jitsipajë peponaejawa.
El rayo relampaguea.,Yamaxë binebinejai.
Somos nosotros. (Hablando por todos),Paxanë raja.
Bueno. Estamos los dos (sentados) aquí. Sigan.,Je. Paecajëbeje rabaja. Pajonemena.
Bueno. (Entran),Je.
Allá está (parado) un asiento. Siéntese.,Naejawayo nuca. Paenare.
Bueno (gracias). (se sientan),Je.
estar lleno (el estómago); estar satisfecho,penia
excavar; tejer,cua
tejer (una hamaca),yacua
pegar (con la mano),bia
pelear,nabia
echar,jia
llorar,nua
entrar,junua
nadar,jua
selva; monte,unu
sabana,wayafo
lago; laguna,puca
esta cosa,maxuaje
aquella cosa,bajaraxua
¿Cómo se llama?,¿Detsa pawënë?
tierra; suelo,ira
región; mundo,nacua
olvidar; olvidarse,nacofënëta
mentir,najumetsënëta
¿Cómo se llama esto?,¿Detsa pawënë maxuaje?
¿Cómo se llama aquella cosa?,¿Detsa pawënë bajaraxua?
¿Cómo se llama él?,¿Detsa pawënënë ponë?
¿Cómo se llama ella?,¿Detsa pawënëwa?
¿Cómo se llama usted?,¿Detsa pawënëmë xamë?
yo tejo; yo tejí,xanë yacuajë
yo tejeré,xanë yacuenajë
yo tejería,xanë yacuejitsipajë
usted teje; usted tejió,xamë yacuame
usted tejerá,xamë yacuename
usted tejería,xamë yacuejitsipame
él teje; ella teje,ponë/powa yacua
él tejerá; ella tejerá,ponë/powa yacuena
él tejería; ella tejería,ponë/powa yacuejitsipa
nosotros tejemos (exclusivo),paxanë payacuajë
nosotros tejeremos (exclusivo),paxanë payacuenajë
nosotros tejeríamos (exclusivo),paxanë payacuejitsipajë
nosotros tejemos (inclusivo),waxaitsi yacuatsi
nosotros tejeremos (inclusivo),waxaitsi yacuenatsi
nosotros tejeríamos (inclusivo),waxaitsi yacuejitsipatsi
ustedes tejen; ustedes tejieron,paxamë payacuame
ustedes tejerán,paxamë payacuename
ustedes tejerían,paxamë payacuejitsipame
ellos tejen; ellas tejen,pamonae yacua
ellos tejerán; ellas tejerán,pamonae yacuena
ellos tejerían; ellas tejerían,pamonae yacuejitsipa
¡teja (usted)!,xamë yacuema
¡no teja (usted)!,xamë pëtsa yacuame
¡que teja (él/ella)!,ponë/powa yacue
¡que no teja (él/ella)!,ponë/powa pëtsa yacua
¡tejan (ustedes)!,paxamë payacuema
¡no tejan (ustedes)!,paxamë pëtsa payacuame
¡que tejan (ellos/ellas)!,pamonae yacue
¡que no tejan (ellos/ellas)!,pamonae pëtsa yacua
yo estoy satisfecho; yo estuve satisfecho,xanë peniajë
yo estaré satisfecho,xanë penenajë
yo estaría satisfecho,xanë penejitsipajë
usted está satisfecho; usted estuvo satisfecho,xamë peniame
usted estará satisfecho,xamë penename
usted estaría satisfecho,xamë penejitsipame
él está satisfecho; ella está satisfecha,ponë/powa penia
él estará satisfecho; ella estará satisfecha,ponë/powa penena
él estaría satisfecho; ella estaría satisfecha,ponë/powa penejitsipa
nosotros estamos satisfechos (exclusivo),paxanë papeniajë
nosotros estaremos satisfechos (exclusivo),paxanë papenenajë
nosotros estaríamos satisfechos (exclusivo),paxanë papenejitsipajë
nosotros estamos satisfechos (inclusivo),waxaitsi peniatsi
nosotros estaremos satisfechos (inclusivo),waxaitsi penenatsi
nosotros estaríamos satisfechos (inclusivo),waxaitsi penejitsipatsi
ustedes están satisfechos; ustedes estuvieron satisfechos,paxamë papeniame
ustedes estarán satisfechos,paxamë papenename
ustedes estarían satisfechos,paxamë papenejitsipame
ellos están satisfechos; ellas están satisfechas,pamonae penia
ellos estarán satisfechos; ellas estarán satisfechas,pamonae penena
ellos estarían satisfechos; ellas estarían satisfechas,pamonae penejitsipa
¡esté satisfecho (usted)!,xamë penema
¡no esté satisfecho (usted)!,xamë pëtsa peniame
¡que esté satisfecho (él/ella)!,ponë/powa pene
¡que no esté satisfecho (él/ella)!,ponë/powa pëtsa penia
¡estén satisfechos (ustedes)!,paxamë papenema
¡no estén satisfechos (ustedes)!,paxamë pëtsa papeniame
¡que estén satisfechos (ellos/ellas)!,pamonae pene
¡que no estén satisfechos (ellos/ellas)!,pamonae pëtsa penia
negativo (prefijo),apo
yo no voy; yo no fui,xanë apoponaenë
usted no va; usted no fue,xamë apoponaemë
él no va; él no fue; ella no va; ella no fue,ponë/powa apoponae
nosotros no vamos (exclusivo); nosotros no fuimos (exclusivo),paxanë apopaponaenë
nosotros no vamos (inclusivo); nosotros no fuimos (inclusivo),waxaitsi apoponaetsi
ustedes no van; ustedes no fueron,paxamë apopaponaemë
ellos no van; ellos no fueron,pamonae apoponae
yo no iré,xanë apoponaenë tsane
usted no irá,xamë apoponaemë tsane
él no irá; ella no irá,ponë/powa apoponae tsane
nosotros no iremos (exclusivo),paxanë apopaponaenë tsane
nosotros no iremos (inclusivo),waxaitsi apoponaetsi tsane
ustedes no irán,paxamë apopaponaemë tsane
ellos no irán,pamonae apoponae tsane
yo no iría,xanë apoponaenë tsipae
usted no iría,xamë apoponaemë tsipae
él no iría; ella no iría,ponë/powa apoponae tsipae
nosotros no iríamos (exclusivo),paxanë apopaponaenë tsipae
nosotros no iríamos (inclusivo),waxaitsi apoponaetsi tsipae
ustedes no irían,paxamë apopaponaemë tsipae
ellos no irían,pamonae apoponae tsipae
Nosotros dos no iremos.,Apopaponaenëbeje tsane.
No duele.,Apoatane.
No es un perro.,Apoawiri.
No era yo.,Apoxanë.
cosa vieja,perujujawa
cosa grande; muchas cosas,ayaijawa
cosa pequeña; pocas cosas,tsiquirijawayo
cosa nueva,pejanajawa
cosa bonita; cosa buena,pexaniajawa
cosa fea; cosa mala,pibisiajawa
cosa grande,pinijijawa
otra cosa,itsajawa
toda la cosa,daxitajawa
cosa de tamaño mediano,pecunuajawa
cosa pequeña; pocas cosas (sinónimo),bepeyajajawayo
cosas pequeñas (plural),tsiquirijawaxi
cosa vieja,perujujawa
hombre viejo,perujunë
mujer vieja,perujuwa
personas viejas,perujuwi
costumbre vieja,perujucuëne
costumbre vieja (sinónimo),perujucujiru
casa vieja,perujubo
conuco viejo,perujupabi
todo; todos (pronombre),daxita
cosa para tapar los ojos (anteojos),penaitaxutoxatatsijawa
manejar,manejaba
pesar,pesaba
pesarse,napesaba
casarse,nacasaba
bautizarse,nabautisaba
casa pequeña,tsiquiriboyo
casa grande,ayaibo
¿sembró?,¿ubame?
"sí, sembré.","jaja, ubaje."
¿dónde sembró?,¿detsa jota ubame?
sembré en mi conuco.,tajapabita ubaje.
bien.,je.
sembrar,uba
trabajar,nacueneba
estudiar; aprender,nacujaruba
cenar; comer,nabane
leer,yoroba
arreglar; reparar,xanëba
enseñar,cujaruba
asar,seba
contar a,tsipaeba
dar medicina a,waeba
despresar; trinchar,thaba
mandar,itoroba
tener miedo,junawa
estar seco,tsewa
tener mala suerte (en cacería),cowa
morder,sine
probar (con la lengua),ejene
conuco; parcela sembrada; huerta,pabi
casa,bo
hamaca,bu
mujer,petiriwa
hombre,pebi
perro,awiri
gente,jiwi
verano; estación seca,wai
invierno; estación de lluvias,emarapae
¿dónde?; ¿en dónde?,¿detsa jota?
casa especial para dormir,tsoruato
no. (respuesta a una pregunta),jume
sí. (respuesta a una pregunta),jaja
bueno; bien. (respuesta a una orden o declaración),je
¿sí?; ¿verdad? (respuesta a información ofrecida),¿jai?
¿qué? (respuesta cuando alguien lo llama por nombre),jo / ju / jui
¿qué?; ¿cómo? (pregunta cuando no se oye bien),¿dera xua? / ¿de xua?
yo; me; (a) mí,xanë
tú; usted,xamë
él,ponë
ella,powa
nosotros (exclusivo),paxanë
nosotros (inclusivo),waxaitsi
ustedes,paxamë
ellos; ellas,pamonae
nosotros dos (exclusivo),paxanëbeje
nosotros dos (inclusivo),waxaitsibeje
nosotros dos (inclusivo),waxaibeje
ustedes dos,paxamëbeje
ellos dos (masculino),ponëbeje
ellas dos,powabeje
ellos dos (masculino y/o femenino),pajiwibeje
yo siembro; yo sembré,xanë ubaje
usted siembra; usted sembró,xamë ubame
él siembra; él sembró,ponë uba
ella siembra; ella sembró,powa uba
nosotros sembramos,paxanë paubaje
nosotros (todos) sembramos,waxaitsi ubatsi
ustedes siembran; ustedes sembraron,paxamë paubame
ellos siembran; ellos sembraron; ellas siembran; ellas sembraron,pamonae uba
yo sembraré,xanë ubianajë
usted sembrará,xamë ubianame
él sembrará; ella sembrará,ponë/powa ubiana
nosotros sembraremos,paxanë paubianajë
nosotros (todos) sembraremos,waxaitsi ubianatsi
ustedes sembrarán,paxamë paubianame
ellos sembrarán,pamonae ubiana
yo sembraría,xanë ubijitsipajë
usted sembraría,xamë ubijitsipame
él sembraría; ella sembraría,ponë/powa ubijitsipa
nosotros sembraríamos,paxanë paubijitsipajë
nosotros (todos) sembraríamos,waxaitsi ubijitsipatsi
ustedes sembrarían,paxamë paubijitsipame
ellos sembrarían,pamonae ubijitsipa
¡siembre (Ud.)!,xamë ubare
¡siembren (Uds.)!,paxamë paubare
¡que siembre (él/ella)!,ponë/powa ubi
¡que siembren (ellos)!,pamonae ubi
¡no siembre (Ud.)!,xamë petsa ubame
¡no siembren (Uds.)!,paxamë petsa paubame
¡que no siembre (él/ella)!,pone/powa petsa uba
¡que no siembren (ellos)!,pamonae petsa uba
primera persona sujeto,-je
segunda persona sujeto,-me
primera persona plural sujeto (incl.),-tsi
plural,pa-
futuro,-ana
potencial,-jitsipa
imperativo (segunda persona),-re
ellos dos siembran; ellos dos sembraron,ponebeje ubabeje
ellos dos sembrarán,ponebeje ubianabeje
ellos dos sembrarían,ponebeje ubijitsipabeje
ustedes dos siembran; ustedes dos sembraron,paxamëbeje paubamebeje
¡siembren (ustedes dos)!,paubarebeje
estar seco,tsewa
cenar,nabane
yo estoy seco; yo estuve seco,xanë tsewaje
yo estaré seco,xanë tsewianaje
yo estaría seco,xanë tsewijitsipaje
yo ceno; yo cené,xanë nabaneje
yo cenaré,xanë nabanianaje
yo cenaría,xanë nabanijitsipaje
botar; perder,xuaba
¡bote!; ¡pierda!,xuabare
¡bote!; ¡pierda! (forma corta),xuare
en la casa,bota
en el conuco,pabita
en el verano,waita
con sara,sarata
mi conuco,tajapabi
nuestro conuco (excl.),patajapabi
nuestro conuco (incl.),wajapabi
tu conuco,nijapabi
vuestro conuco,panijapabi
su conuco (de él/ella),pijapabi
su conuco (de ellos/ellas),pijapabi
posesivo de primera persona,taja-
posesivo de segunda persona,nija-
posesivo de segunda persona plural (incl.),waja-
posesivo de tercera persona (sing. or pl.),pija-
plural,pa-
tiempo-lugar-sujeto-verbo-complemento,orden preferido de la oración
un saludo interrogativo semejante a ¿qué tal?,¿Jica?
Sí. Aquí estoy (sentado). Siga.,Jaja. Ecajë rabaja. Jonemena.
Siéntese (literalmente: cuélgese también por un rato).,Narucatabare.
ver,tane
bañarse,nawane
comer,xane
oír,jumetane
regañar,bijatane
saber; conocer,yapëtane
orinar,narane
bañar (a un niño),matawane
beber; tomar,apa
voy a demorar (eufemismo para 'voy a defecar'),najematabianajë
voy a matar un tigre (eufemismo para 'voy a defecar' usado por hombres),newëthë bejitsianë
vergüenza,aura
pueblo; ciudad,tomara
río,mene
canoa,jera
hoyo; cavidad (excavación),methë
muy; mucho,bitso
¿a dónde?; ¿hacia dónde?,¿Detsa belia?
puerta,baupa
olla,waxi
canción; rezo,waji
historia,liwaisi
mostrar (una cosa),itajëta
mostrar a (una persona),tsitajëta
veo; vi,xanë tanejë/taniji
usted ve; usted vio,xamë taneme
él ve; ella ve,ponë/powa tane
nosotros vemos (exclusivo),paxanë patanejë/pataniji
nosotros vemos (inclusivo),waxaitsi tanetsi
ustedes ven; ustedes vieron,paxamë pataneme
ellos ven; ellos vieron,pamonae tane
veré,xanë taenajë
usted verá,xamë taename
él verá,ponë/powa taena
nosotros veremos (exclusivo),paxanë pataenajë
nosotros veremos (inclusivo),waxaitsi taenatsi
ustedes verán,paxamë pataename
ellos verán,pamonae taena
vería,xanë taejitsipajë
usted vería,xamë taejitsipame
¡vea (usted)!,xamë taema
¡no vea (usted)!,xamë pëtsa taneme
¡que vea (él/ella)!,ponë/powa tae
¡que no vea (él/ella)!,ponë/powa pëtsa tane
¡vean (ustedes)!,paxamë pataema
¡no vean (ustedes)!,paxamë pëtsa pataneme
¡que vean (ellos)!,pamonae tae
¡que no vean (ellos)!,pamonae pëtsa tane
yo ceno (forma dialectal),nabaniji
nosotros cenamos (forma dialectal),panabaniji
mano de él,pecobe
corazón de él,pejamatabëëthëto
nombre de él,pewënë
pie de él,petaxu
cabeza de él,pematabocoto
ojo de él,pitaxuto
bastimento (provisiones) de él,pemarue
sopa; pasta; puré,petsapato
pus,petsue
nido,pematapena
mi mano,xanë tacobe
tu mano; su mano (de usted),xamë necobe
su mano (de él/ella),ponë/powa pecobe
nuestra mano (exclusivo),paxanë patacobe
nuestra mano (inclusivo),waxaitsi wajacobe
su mano (de ustedes); vuestra mano,paxamë panecobe
su mano (de ellos),pamonae pecobe
mi (prefijo posesivo íntimo),ta-
tu (prefijo posesivo íntimo),ne-
"su (de él, ella o ellos; prefijo posesivo íntimo)",pe-
nuestro (exclusivo; prefijo posesivo íntimo),pata-
nuestro (inclusivo; prefijo posesivo íntimo),waja-
vuestro (su de ustedes; prefijo posesivo íntimo),pane-
carne (forma dependiente; no existe por sí solo),-wi
la carne de él (de su propio cuerpo),pewi
la carne de él (como carne de danta para comer),pijawi
palabra (forma dependiente),-jume
la palabra de él (lo que él dijo),pijume
el idioma de él,pijajume
el nombre de él (forma usada en el vocabulario),pewënë
"nombre de persona (en vez de pueblo, río, etc.)",jiwiwënë
nombre de perro,awiriwënë
nombre viejo,perujuwënë
otro nombre,itsawënë
conocer el nombre de él,wënëtane
sopa; pasta; puré,petsapato
mermelada,mermeladatsapato
mi dolor,xanë tatanejawa
tu dolor,xamë niatanejawa
su dolor (de él/ella),ponë/powa piatanejawa
nuestro dolor (exclusivo),paxanë pataatanejawa
nuestro dolor (inclusivo),waxaitsi wajaatanejawa
su dolor (de ustedes),paxamë paneatanejawa
su dolor (de ellos),pamonae piatanejawa
mi cintura,xanë taepasito
tu cintura,xamë nepasito
su cintura (de él/ella),ponë/powa pepasito
nuestra cintura (exclusivo),paxanë pataepasito
nuestra cintura (inclusivo),waxaitsi wajaepasito
su cintura (de ustedes),paxamë paneepasito
su cintura (de ellos),pamonae pepasito
mi ojo,xanë taitaxuto
tu ojo,xamë nitaxuto
su ojo (de él/ella),ponë/powa pitaxuto
nuestro ojo (exclusivo),paxanë pataitaxuto
nuestro ojo (inclusivo),waxaitsi wajaitaxuto
su ojo (de ustedes),paxamë paneitaxuto
su ojo (de ellos),pamonae pitaxuto
mi tocar (mi música),xanë taobijawa
tu tocar (tu música),xamë niobijawa
su tocar (su música de él/ella),ponë/powa piobijawa
nuestro tocar (nuestra música - exclusivo),paxanë pataobijawa
nuestro tocar (nuestra música - inclusivo),waxaitsi wajaobijawa
su tocar (su música de ustedes),paxamë paneobijawa
su tocar (su música de ellos),pamonae piobijawa
mis labios,xanë taupiyoroto
tus labios,xamë niupiyoroto
sus labios (de él/ella),ponë/powa piupiyoroto
nuestros labios (exclusivo),paxanë pataupiyoroto
nuestros labios (inclusivo),waxaitsi wajaupiyoroto
sus labios (de ustedes),paxamë paneupiyoroto
sus labios (de ellos),pamonae piupiyoroto
mis intestinos,xanë taënë
tus intestinos,xamë nënë
sus intestinos (de él/ella),ponë/powa pënë
nuestros intestinos (exclusivo),paxanë pataënë
nuestros intestinos (inclusivo),waxaitsi wajaënë
sus intestinos (de ustedes),paxamë paneënë
sus intestinos (de ellos),pamonae pënë
lengua de él,peebarëto
el que tiene gusanos,peorobinëtsi
lo que él sembró,peubijawa
celos de él,peëwijawa
por el pueblo; a través del pueblo,tomara
por el río; a través del río,menia
por el conuco; a través del conuco,pabia
por la sabana; a través de la sabana,wayafua
por la selva; a través de la selva,unua
por el hoyo; a través del hoyo,methëa
por la casa; a través de la casa,boya
hacia el pueblo; al pueblo,tomarabelia
hacia el río; al río,meniabelia
hacia el conuco; al conuco,pabiabelia
hacia la sabana; a la sabana,wayafuabelia
hacia la selva; a la selva,unuabelia
hacia el hoyo; al hoyo,methëabelia
hacia la casa; a la casa,boyabelia
Voy al conuco.,Pabiabelia ponajë.
Roberto va al río.,Roberto pona meniabelia.
Le duele la mano.,Acobetane.
Le duele el pie.,Ataxutane.
Le duele el ojo.,Aitaxutotane.
No tiene nombre.,Awënëjibi.
No tiene ojos.,Aitaxutojibi.
Al perro le duele.,Awiri atane.
No hay canoa.; No está la canoa.,Jera ajibi.
No hay casa.,Bo ajibi.
Me duele la mano.,Acobetanenë
Le duele la mano (a Ud.).,Acobetanemë
respetar (a autoridades o sabios),yaiyatane
"respetar (a ciertos familiares o suegros, evitando contacto/bromas)",uratane
colina; cerro,petsayto
camino,namuto
puente,imo
laguna,puca
Soy yo.,xanë raja.
Bien. Aquí estamos (sentados). Siga (entre).,Je. Paenajë rabaja. Jonomena.
Bueno (gracias).,Je.
Siéntese usted también.,Naecare.
Bueno (gracias).,Je.
Su mano (un saludo).,Necobeyo.
Bueno.,Je.
Su mano.,Necobeyo.
Bueno.,Je.
Saludos. (un saludo general sin traducción exacta en español),Jaco.
Bueno.,Je.
Saludos.,Jaco.
Bueno.,Je.
Saludos. (variante usada más por hombres),Bajaco.
murciélago,jawasirto
pájaro,bartsuito
ir,pona
hacer; dar a luz,exana
tener,xaina
estar cansado; estar débil,cuerana
cantar,naxeana
necesitar,namatawenona
estar mojado,sucuena
estar bueno,xanepana
ayudar,yawenona
pescar; cazar,jina
morir; privarse,tepa
salir,pitsapa
salvar; terminar; ser capaz de hacerlo,capanepa
querer; gustar,jitsipa
coser,joroca
pedir (más de una vez),wajëca
hoy,ajena
ayer,caniwi
por la tarde; la tarde,caniwiyo
por la mañana; la mañana,bajayacunua
si; cuando,itsa
porque,tsipaji
¿qué?,¿detsa xua?
¿por qué?,¿detsa xuajitsia?
¿cuándo?,¿detsa pacujinae?
muy; mucho,bitso
solamente,saya
¡quién sabe!; no sé,itsabo
estoy cansado porque sembré.,cueranajë tsipaji ubajë.
"si trabajas, estarás cansado.","itsa nacuenebame, cueranaename."
"si trabajaras, estarías cansado.","itsa nacuenebijitsipame, cueranaejitsipame."
yo voy; yo fui,xanë ponajë
usted va; usted fue,xamë poname
él va; él fue; ella va; ella fue,ponë/powa pona
nosotros vamos (exclusivo); nosotros fuimos,paxanë paponajë
nosotros vamos (inclusivo); nosotros fuimos,waxaitsi ponatsi
ustedes van; ustedes fueron,paxamë paponame
ellos van; ellos fueron; ellas van; ellas fueron,pamonae pona
yo iré,xanë ponaenajë
usted irá,xamë ponaename
él irá; ella irá,ponë/powa ponaena
nosotros iremos (exclusivo),paxanë paponaenajë
nosotros iremos (inclusivo),waxaitsi ponaenatsi
ustedes irán,paxamë paponaename
ellos irán; ellas irán,pamonae ponaena
yo iría,xanë ponaejitsipajë
usted iría,xamë ponaejitsipame
él iría; ella iría,ponë/powa ponaejitsipa
nosotros iríamos (exclusivo),paxanë paponaejitsipajë
nosotros iríamos (inclusivo),waxaitsi ponaejitsipatsi
ustedes irían,paxamë paponaejitsipame
ellos irían; ellas irían,pamonae ponaejitsipa
¡vaya (usted)!; ¡ve!,xamë ponare
¡no vaya (usted)!; ¡no vayas!,xamë pëtsa poname
¡vayan (ustedes)!,paxamë paponare
¡no vayan (ustedes)!,paxamë pëtsa paponame
¡que vaya (él/ella)!,ponë/powa ponae
¡que no vaya (él/ella)!,ponë/powa pëtsa pona
¡que vayan (ellos)!,pamonae ponae
¡que no vayan (ellos)!,pamonae pëtsa pona
tener tos,buxubatsi
carecer de habilidad o sabiduría para hacer una cosa,coxanatsi
tener la habilidad o sabiduría para hacer una cosa,cujanetsi
estar ocupado,enatsi
poder; tener el poder,caejëpatsi
estar enfermo; tener fiebre,romaebatsi
tener diarrea,suliabatsi
tener hipo,jëcëbatsi
padecer (una enfermedad); principiar (una enfermedad),capunatsi
tener rasquiña,tinetsi
haber sido quemado (por el fuego),tajuatsi
crecer (una mata),juwa
estar lleno (una cosa),wëneca
inundarse (la tierra),bubuta
despegarse (una cosa),sarasaraica
yo tengo tos; yo tuve tos,xanë nebuxuba
yo tendré tos,xanë nebuxubiana
yo tendría tos,xanë nebuxubijitsipa
usted tiene tos; usted tuvo tos,xamë cabuxuba
usted tendrá tos,xamë cabuxubiana
usted tendría tos,xamë cabuxubijitsipa
él tiene tos; ella tiene tos,ponë/powa buxubatsi
él tendrá tos; ella tendrá tos,ponë/powa buxubianatsi
él tendría tos; ella tendría tos,ponë/powa buxubijitsipatsi
nosotros tenemos tos (exclusivo); nosotros tuvimos tos (exclusivo),paxanë panebuxuba
nosotros tendremos tos (exclusivo),paxanë panebuxubiana
nosotros tendríamos tos (exclusivo),paxanë panebuxubijitsipa
nosotros tenemos tos (inclusivo); nosotros tuvimos tos (inclusivo),waxaitsi nacabuxuba
nosotros tendremos tos (inclusivo),waxaitsi nacabuxubiana
nosotros tendríamos tos (inclusivo),waxaitsi nacabuxubijitsipa
ustedes tienen tos; ustedes tuvieron tos,paxamë pacabuxuba
ustedes tendrán tos,paxamë pacabuxubiana
ustedes tendrían tos,paxamë pacabuxubijitsipa
ellos tienen tos; ellos tuvieron tos,pamonae buxubatsi
ellos tendrán tos,pamonae buxubianatsi
ellos tendrían tos,pamonae buxubijitsipatsi
¡tenga tos (usted)!,xamë cabuxubi
¡no tenga tos (usted)!,xamë pëtsa cabuxuba
¡tengan tos (ustedes)!,paxamë pacabuxubi
¡no tengan tos (ustedes)!,paxamë pëtsa pacabuxuba
¡que tenga tos (él/ella)!,ponë/powa buxubitsi
¡que no tenga tos (él/ella)!,ponë/powa pëtsa buxubatsi
¡que tengan tos (ellos)!,pamonae buxubitsi
¡que no tengan tos (ellos)!,pamonae pëtsa buxubatsi
primera persona complemento,ne-
segunda persona complemento,ca-
primera persona plural complemento (inclusivo),naca-
plural,pa-
Tengo tos. (A mí me dio tos.),Nebuxuba
Estoy ocupado. (Me tiene ocupado.),Neena
Puedo. (Literalmente: Me alcanza.),Necaejëpa
(El hombre) fue quemado (por el fuego).,Tajuatsi
La casa fue quemada (se quemó).,Bo tajua
Nosotros dos tenemos tos.,Nacabuxubabeje
Ellos dos tienen tos.,Buxubatsibeje
Estúdielo usted (más tarde).,Nacujarubianame
Estúdielo usted (ya).,Nacujarubare
Que lo siembre él (más tarde).,Ubiana
Que lo siembre él (ya).,Ubi
Vamos (ya).,Ponatsi
Vamos los dos (ya).,Ponatsibeje
Vamos (más tarde).,Ponaenatsi
Vamos los dos (más tarde).,Ponaenatsibeje
abuela,acue
venga,namo
zorro,namo
lavar,quiata
está sentado,eca
están sentados,ena
puente,imo
casa,bo
selva,unu
humo,etsexe
picure,bene
trompo,jojoto
sí,jaja
sonido de escopeta,tajai
estar casi hirviendo,sebia
sonido de trompo,jojojai
ladrar,jojojai
regresar (varias personas),nawiaba
regresar (una persona),nawiata
frutos,pecuai
hablar,cuaicuaijai
pariente menor,ujue
hamaca,bu
sembrar,uba
talego,doro
gaviota,acadale
doblar,fuca
irse hacia el norte o sur,lia
colgarse o acostarse,ruca
ratón,iri
ratón fara,wani
gavilán,awa
reparar o arreglar,xaneba
despresar,thaba
repartir,tsata
incendio (en la sabana),nawa
vestido,nawa
irse,pona
hierba,pona
llevar,capona
burlar,capona
pez curito,cocoto
mariposa,cocoto
me pegó,neconita
él fue castigado,neconita
hoy,ajena
apenas,ajena
estuvimos sentados,enatsi
él está ocupado,enatsi
¡llámelo!,junare
¡súbase!,junare
dicen que trabajaron para ustedes,pacatonacueneba pina
tal vez no sembró,apoubi meta
firmamento,nacuaitaboxo
nos mandó,nacaitoroba
siempre nos espera,nacaewetabiaba
siempre espera la muerte,nacaewetabiaba
pero ustedes no creen lo que les decimos,itsiata baitsi jane patacajumaitsijumebeje apopanejumecowenëtsimëbeje
negro,tsaebia
amarillo,wayana
viejo,peruju-
Somos nosotros dos.,Paxanëbeje raja.
Bien. Estoy (sentado) aquí. Sigan (los dos).,Je. Ecajë rabaja. Pajonemenabeje.
Bueno. (Entran.),Je.
Ahí está el banco (o tronco). Siéntense (los dos).,Naejawayo nuca. Paecarebeje.
Bueno.,Je.
Su mano.,Necobeyo.
Bien.,Je.
Su mano.,Necobeyo.
Bien.,Je.
su mano (forma no diminutiva),necobe
estera,tulima
cocinar,seta
dormir,majita
esperar; cuidar,eweta
jugar,namuxusita
buscar,jaita
dar; regalar,rajuta
lavar,quiata
comprar (una sola cosa),comuata
remar,waeta
llegar,pata
terminar; completar,wereta
estar gordo; estar grasoso,nasita
vender,canajeta
tomar; coger; recibir (una sola cosa),pita
¿Quién? ¿Cuál? (persona; animal),¿Detsa ponë?
¿Quién? (persona),¿Jipatsa?
mañana,merawia
noche; por la noche; anoche,merawi
esta noche,ajena pamerawi
patio,panabo
mi mamá,taena
mi papá,taxa
camino,namuto
árbol; palo,naejawa
escribir,yaquina
contar (una historia),paeba
cazar; pescar,narujuaita
yo cocino; yo cociné,xanë setajë
yo cocinaré,xanë setsianajë
yo cocinaría,xanë setsipajë
usted cocina; usted cocinó,xamë setame
usted cocinará,xamë setsianame
usted cocinaría,xamë setsipame
él cocina; ella cocina,ponë/powa seta
él cocinará; ella cocinará,ponë/powa setsiana
él cocinaría; ella cocinaría,ponë/powa setsipa
nosotros cocinamos (exclusivo),paxanë pasetajë
nosotros cocinaremos (exclusivo),paxanë pasetsianajë
nosotros cocinaríamos (exclusivo),paxanë pasetsipajë
nosotros cocinamos (inclusivo),waxaitsi setatsi
nosotros cocinaremos (inclusivo),waxaitsi setsianatsi
nosotros cocinaríamos (inclusivo),waxaitsi setsipatsi
ustedes cocinan; ustedes cocinaron,paxamë pasetame
ustedes cocinarán,paxamë pasetsianame
ustedes cocinarían,paxamë pasetsipame
ellos cocinan; ellas cocinan,pamonae seta
ellos cocinarán; ellas cocinarán,pamonae setsiana
ellos cocinarían; ellas cocinarían,pamonae setsipa
¡cocine (usted)!,xamë sere
¡no cocine (usted)!,xamë pëtsa setame
¡que cocine (él/ella)!,ponë/powa setsi
¡que no cocine (él/ella)!,ponë/powa pëtsa seta
¡cocinen (ustedes)!,paxamë pasere
¡no cocinen (ustedes)!,paxamë pëtsa pasetame
¡que cocinen (ellos/ellas)!,pamonae setsi
¡que no cocinen (ellos/ellas)!,pamonae pëtsa seta
me (prefijo de complemento directo),ne-
lo; la (a usted) (prefijo de complemento directo),ca-
nos (exclusivo) (prefijo de complemento directo),pane-
nos (inclusivo) (prefijo de complemento directo),naca-
los (a ustedes) (prefijo de complemento directo),paca-
Lo busqué (a usted).,xanë xamë cajaitatsi.
Lo busqué (a él); La busqué (a ella).,xanë ponë/powa jaitajë.
Los busqué (a ustedes).,xanë paxamë pacajaitatsi.
Los busqué (a ellos).,xanë pamonae jaitajë.
Usted me buscó.,xamë xanë nejaitame
Usted lo/la buscó (a él/ella).,xamë ponë/powa jaitame
Usted nos buscó.,xamë paxanë panejaitame
Usted los buscó (a ellos).,xamë pamonae jaitame
Él/Ella me buscó.,ponë/powa xanë nejaita
Él/Ella lo buscó a usted.,ponë/powa xamë cajaita
Él/Ella lo/la buscó a él/ella.,ponë/powa ponë/powa jaita
Él/Ella nos buscó (exclusivo).,ponë/powa paxanë panejaita
Él/Ella nos buscó (inclusivo).,ponë/powa waxaitsi nacajaita
Él/Ella los buscó a ustedes.,ponë/powa paxamë pacajaita
Él/Ella los buscó a ellos.,ponë/powa pamonae jaita
Lo buscamos a usted.,paxanë xamë pacajaitatsi
Lo/la buscamos a él/ella.,paxanë ponë/powa pajaitajë
Los buscamos a ustedes.,paxanë paxamë pacajaitatsi
Los buscamos a ellos.,paxanë pamonae pajaitajë
Lo/la buscamos a él/ella (inclusivo).,waxaitsi ponë/powa jaitatsi
Los buscamos a ellos (inclusivo).,waxaitsi pamonae jaitatsi
Ustedes me buscaron.,paxamë xanë panejaitame
Ustedes lo/la buscaron a él/ella.,paxamë ponë/powa pajaitame
Ustedes nos buscaron.,paxamë paxanë panejaitame
Ustedes los buscaron a ellos.,paxamë pamonae pajaitame
Yo los estaba buscando a ustedes.,xanë pacajaitatsi.
Nosotros lo estuvimos buscando a usted.,xamë pacajaitatsi.
Ellos me buscaron.,pamonae nejaita.
"prefijo reflexivo (me, te, se, nos)",na-
Me cuidé.,xanë naewetajë
Te cuidaste.; Se cuidó usted.,xamë naewetame
Se cuidó (él/ella).,ponë/powa naeweta
Nos cuidamos (exclusivo).,paxanë panaewetajë
Nos cuidamos (inclusivo).,waxaitsi naewetatsi
Se cuidaron ustedes.,paxamë panaewetame
Se cuidaron (ellos).,pamonae naeweta
sufijo de prominencia (indica que el complemento es prominente),-tsi
Sara esperó (a él/ella/ellos).,Sara eweta.
Sara fue esperada; Ellos esperaron a Sara.,Sara ewetatsi.
Roberto trabajaba.,Roberto nacueneba.
Rosa lo buscó (a él).,Rosa jaitatsi.
Roberto esperó a Rosa.,Roberto Rosa eweta.
Ella le dio la hamaca a él.,Rajutatsi bu.
cenar (verbo intransitivo),nabane
subir (verbo intransitivo),juna
sembrar (verbo transitivo),uba
jugar (verbo transitivo),namuxusita
Él lo siembra.,uba.
dar; regalar (verbo bitransitivo),rajuta
enseñar (verbo bitransitivo),cujaruba
Usted me lo dio.,Nerajutame.
Usted me lo compró.,Necomuatame.
Usted me lo enseñó; usted me enseñó.,Necujarubame
Usted me lo pidió.,Newajëcame
Usted me compró la hamaca (que yo vendía).,Necomuatame bu.
no hay; no está,ajibi
tener dolor; doler,atane
tener frío (persona o animal),aque
tener fuerza; estar vivo,asaë
tener calor; estar caliente,ataju
estar enfermo,awitane
estar malo; estar dañado,abeje
tener pereza,afaetabi
estar oscuro (por la noche),aitaquiri
ser imposible,acuenebi
"mezquinar (cosas); amar (familia, hijos)",asiwa
tener vergüenza,aura
tiempo futuro (partícula para adjetivos),tsane
modo potencial (partícula para adjetivos),tsipae
Tengo dolor.,xanë atanenë
Usted tiene dolor.,xamë atanemë
Él/Ella tiene dolor.,ponë/powa atane
Nosotros tenemos dolor (exclusivo).,paxanë patanenë
Nosotros tenemos dolor (inclusivo).,waxaitsi atanetsi
Tendré dolor. (Futuro),xanë atanenë tsane
Tendría dolor. (Potencial),xanë atanenë tsipae
¡tenga dolor (usted)!,xamë atanemere
¡no tenga dolor (usted)!,xamë petsa ataneme
¡que tenga dolor (él/ella)!,ponë/powa atane tsane
¡que no tenga dolor (él/ella)!,ponë/powa petsa atane
¡tengan dolor (ustedes)!,paxamë patanemere
¡no tengan dolor (ustedes)!,paxamë petsa pataneme
¡que tengan dolor (ellos)!,pamonae atane tsane
¡que no tengan dolor (ellos)!,pamonae petsa atane
Los amo a Uds. (dicho a miembros de la familia).,Pacaasiwatsi.
Ustedes dos tendrían dolor.,Atanemebeje tsipae.
"Amenlo (la, los) Uds. dos (a él, ella, o ellos).",Asiwamerebeje.
Tendremos frío los dos.,Aquetsibeje tsane / Aque tsanetsibeje.
Me ama (él/ella),Níasiwa
Lo ama a usted (él/ella),Casiwa
Se aman (ellos); se ama (él/ella),Nasiwa
Me espera (él/ella),Neweta
Lo espera a usted (él/ella),Caeweta
Me manda (él/ella),Nitoroba
Lo manda a usted (él/ella),Caitoroba
Me amuela (él/ella),Niojoba
Lo amuela a usted (él/ella),Caojoba
Me flecha (él/ella),Niupaxuaba
Lo flecha a usted (él/ella),Caupaxuaba
Me prueba (él/ella),Në́jëta
Lo prueba a usted (él/ella),Caëjëta
Los amuela (a ellos) [Sujeto implícito 3a persona],ojobatsi
Se amuela (reflexivo),naojoba
Los flecha (a ellos) [Sujeto implícito 3a persona],upaxuabatsi
Se flecha (reflexivo),naupaxuaba
Los prueba (a ellos) [Sujeto implícito 3a persona],ëjëtatsi
Se prueba (reflexivo),naëjëta
Tengo gusanos (Sin cambio por vocal inicial larga),neoroba
Tienes gusanos (Sin cambio por vocal inicial larga),caoroba
Dolemos (tenemos dolor),patanenë
Esperamos,paewetajë
Mandamos,paitorobajë
Tocamos flauta,paobajë
Cortamos,paucutajë
Probamos,paëjëtajë
Nos sentamos (Sin cambio por vocal larga),paecajë
Sembramos (Sin cambio por vocal larga),paubajë
(un saludo interrogativo),¿Jica?
Sí.,Jaja.
¿Para dónde va?,¿Dëtsa beliamë?
Ahora voy hasta la casa de Martín.,Abaxë ra belia ponajë Martinjawabelia.
Bueno.,Je.
Su mano. Me voy.,Necobeyo. Ponajë baja.
(un saludo interrogativo),¿Jica?
Sí.,Jaja
¿Para dónde va?,¿Detsa beliame?
Ahora voy hasta la casa de Martín.,Abaxe ra belia ponaje Martinjawabelia.
Bueno.,Je.
Su mano. Me voy.,Necobeyo. Ponaje baja.
ir hacia el norte o sur (o hacia afuera),lia
ir hacia el occidente (o hacia arriba),tsia
ir hacia el oriente (o hacia abajo),reca
venir desde el norte o sur (o desde afuera),rena
venir desde el occidente (o desde arriba),tsica
venir desde el oriente (o desde abajo),tsina
arco,bitsabi
¡cuidado!,xania
es verdad; dice la verdad,xaniajai
"¡ay, ay, ay! (indica dolor)",jaque
"¡ay, ay, ay! ¡huy! ¡ay! (indica sorpresa)",jaipe
¡venga!; rápidamente,naxatsia
estar enojado,anaepana
estar bueno; estar bien; gracias,xanepana
vomitar,yacaba
pájaro,baratsuito
"Voy hacia el norte (el sur, o hacia afuera).",Xane liane.
Usted va hacia el norte.,Xame liame.
El/ella va hacia el norte.,Pone/powa lia.
Nosotros vamos hacia el norte.,Paxane paponaliaje.
Nosotros todos vamos hacia el norte.,Waxaitsi ponaliatsi.
Ustedes van hacia el norte.,Paxame paponaremelia.
Ellos van hacia el norte.,Pamonae ponalia.
Nosotros dos vamos hacia el norte.,Waxaitsibeje liatsibeje.
Nosotros dos vamos hacia el norte (forma alternativa).,Paponaliajebeje.
tener buena suerte,yopia
estar feliz,bareya
odiar,itoya
sanarse,jume
estar pobre; estar en desdicha,bejiobi
estar muchos; ser rápido,apaaxayo
tubérculo de ñame,nobe
pelota; balón,balonbe
verada de la flecha,xuatabo
lombriz,towinabo
lápiz,lapibo
mata de maíz,jetsaboto
palma de cumare,cumaliboto
palo de algodón; algodonero,papaenae
árbol de marañón o merey,xuruinae
avión,avionmo
yucuta (bebida de casabe con agua),perira
gasolina,gasolinara
"fariña, mañoco",matsucabeno
azúcar,azucarbeno
el rico,ricune
estrella,tuluputo
piedra,iboto
el perrito,awiriyo
los perritos,awirixi
el perrito de él,pijaneyo awiri
los perritos de él,pijanexi awirixi
el nombrecito,peweneyo
los nombrecitos,pewenexi
el ojito,pitaxutoyo
los ojitos,pitaxutoxi
la viejita,perujuwayo
las viejitas,perujuwaxi
Manuelito,Manuelneyo
Sarita,Sarawayo
cocinar,seta
malo,abeje
negro,tsaebia
casa para cocinar,pesetsibo
casa mala,piabejebo
casa negra,petsaebiabo
conuco malo,piabejepabi
conuco negro o quemado (forma rara),petsaebiapabi
mano (de animal) cocinada (forma rara),pesetsicobe
mano mala,piabejecobe
mano negra,petsaebiacobe
cocinera,pesetsiwa
mujer mala,piabejewa
mujer negra,petsaebiawa
cocinero; animal cocinado; olla,pesetsine
hombre o animal malo,piabejene
hombre o animal negro,petsaebiane
cocineros,pesetsiwi
personas malas,piabejewi
negros (personas),petsaebiawi
manera de cocinar,pesetsicuene
manera mala,piabejecuene
líquido cocinado; agua cocinada,pesetsira
líquido malo,piabejera
líquido negro,petsaebiara
árbol/arco malo,piabejenae
árbol/arco negro (forma rara),petsaebianae
el perro negro (frase ejemplo),petsaebiane awiri
vivir; morar,ponapona/jinawanapa
volver; regresar,nawiata/nawiaba
sentarse; estar sentado; estar presente,eca/ena
acostarse; estar acostado,boca/bobena
estar de pie,nuca/nubena
acostarse (colgado en hamaca); estar acostado; estar colgado,ruca/rubena
"poner (sobre algo, como un estante)",eta/jeba
poner derecho; colocar de pie,nuta/nuba
poner (en posición horizontal),buata/jeba
colgar,ruta/ruba
agarrar,waetaba/taica
perder; botar,xuaba/peneta
caerse,jopa/othopa
estar viniendo; andar hacia un lugar,najetaruca/najetarubena
pedir,wajeta/wajeca
principiar viaje,naropota/naropoba
huir,najetabijirawa/recepa
tomar (en la mano); coger,pita/nota
echar adentro,jia/jeba
Roberto está (colgado) en la hamaca.,Roberto buta ruca.
Sara está (sentada) en la casa.,Sara bota eca.
Ramón está (parado) en el patio.,Ramon wayafota nuca.
Roberto puso (paró) el arco en la casa.,Roberto bitsabi bota nuta.
Roberto colgó la hamaca en la casa.,Roberto bu bota ruta.
Sara puso (colgó) a Ramoncito en la hamaca.,Sara Ramoncito buta ruta.
danta; tapir,metsaja
venado sabanero,ovebi
pez; pescado,dujuaine
peces; pescados,dujuai
hierba,pona
armadillo; cachicamo sabanero,tujube
¿Cuántos conucos?,¿Detsa papabibeje?
¿Cuántos nombres?,¿Detsa pawenebeje?
gente,jiwi
mono maicero,papabe
tigre (jaguar),newethe
ratón,iri
sentarse / estar sentado,eca / ena
Yo me siento / estoy sentado,Xane ecaje
Usted se sienta / está sentado,Xame ecame
Él/ella se sienta / está sentado,Pone/powa eca
Nosotros nos sentamos (exclusivo),Paxane paenaje
Nosotros nos sentamos (inclusivo),Waxaitsi enatsi / ecatsi
Ustedes se sientan,Paxame paename
Ellos se sientan,Pamonae ena
Ellos dos se sientan,Ponebeje ecabeje
Nosotros dos nos sentamos (exclusivo),Paxanebeje paecajebeje
Nosotros dos nos sentamos (inclusivo),Waxaitsibeje ecatsibeje
Ustedes dos se sientan,Paxamebeje paecamebeje
hombre de Bogotá,Bogotapijine
hombre del pueblo (no campesino),tomarapijine
animal del río (ej.: pez),menepijine
animal de la sabana (ej.: venado sabanero),wayafopijine
gente del pueblo (o ciudad),tomarapijiwi
costumbres del pueblo (o ciudad),tomarapijicuene
conuco veranero (sembrado en verano),waipijipabi
Roberto (difunto),Robertopijine
Sara (difunta),Sarapijiwa
hombre (funcionario) del gobierno,gobiernoyajawenene
hombre (funcionario) del gobierno (forma alternativa),gobiernopijiwiyajawenene
uno de ellos,pamonaeyajawenene
gente (funcionarios) del gobierno,gobiernoyajawenejiwi
Ser hombre,Pebi
Soy hombre.,Pebine.
(Usted) es hombre.,Pebime.
(El) es hombre.,Pebi.
Somos hombres.,Papebijiwine.
Todos somos hombres.,Pebijiwitsi.
(Ustedes) son hombres.,Papebijiwime.
(Ellos) son hombres.,Pebijiwi.
(Nosotros dos) somos hombres.,Pebitsibeje.
hombre,pebi
hombres (plural),pebijiwi
hombres (diminutivo plural),pebinexi
mujer,petiriwa
mujeres (plural),petiriawi
mujeres (diminutivo plural),petiriwaxi
Soy monolingüe (literalmente: yo una lengua).,Caejumene.
Tengo un solo nombre (literalmente: yo un nombre).,Caewenene.
Soy un viejo.,Perujunene
(Usted) es un viejo.,Perujuneme
(Él) es un viejo.,Perujune
Somos unos viejos.,Paperujuwine
Todos somos unos viejos.,Perujuwitsi
(Ustedes) son unos viejos.,Paperujuwime
(Ellos) son unos viejos.,Perujuwi
(Nosotros dos) somos unos viejitos.,Perujuneyotsibeje
Soy cocinera.,Tasetsiwa
(Usted) es cocinera.,Nesetsiwa
(Ella) es cocinera.,Pesetsiwa
Somos cocineros/cocineras (Exclusivo).,Patasetsiwi
Todos somos cocineros/cocineras (Inclusivo).,Wajasetsiwi
(Ustedes) son cocineros/cocineras.,Panesetsiwi
(Ellos/Ellas) son cocineros/cocineras.,Pesetsiwi
(Nosotros dos) somos cocineras.,Wajasetsiwabeje
Soy un enfermo (que le duele siempre).,Tatanene
(Usted) es un llorón.,Neaeaejaine
Somos así.,Pataitsiwi
Soy un hombre feliz.,Tabareyane
Es el ex capitán.,Capitannemi
Era un cocinero.,Pesetsinemi
Era un viejo.,Perujunemi
Era el perro que yo tenía. (El perro era mío).,Tajanemi awiri
Es la casa que yo tenía.,Tajabomi
Era el finado Roberto.,Robertopijine / Robertopijinemi
una casa,caebo
un nombre,caewene
uno (un hombre/macho),caene
dos casas,anijabobeje
dos nombres,anijawenebeje
dos (hombres/machos),anijanebeje
tres casas,acueyabi pabobeje
tres nombres,acueyabi pawenebeje
tres (hombres/machos),acueyabi ponebeje
cuatro casas (forma con préstamo),cuatro pabobeje
cuatro nombres,cuatro pawenebeje
cuatro (hombres/machos),cuatro ponebeje
cuatro casas (forma nativa menos común),penayanatsi pabobeje
cinco casas (forma con préstamo),cinco pabobeje
cinco nombres,cinco pawenebeje
cinco (hombres/machos),cinco ponebeje
"cinco (literalmente ""una mano"")",caecobe
Uno (una cosa),Caejawa
Dos (dos cosas),Anijajawabeje
Tres (tres cosas),Acueyabi xuabeje
Cuatro (cuatro cosas),Cuatro xuabeje
Cinco (cinco cosas),Cinco xuabeje
Mateo y Felipe se fueron.,Mateobeje Felipebeje ponabeje.
Mateo tiene frío. Felipe también tiene frío.,Mateo aque. Felipeata aque.
Sara también tiene frío.,Saranua aque.
Mateo vio un venado y un armadillo.,Mateo tane owebi tujubenua.
Tengo frío y me duele.,"Xane aquene, atanenenua."
Brincó muchas veces.,Jirejirewa.
Se sentó por mucho tiempo.,Eeca.
Se sentaron por mucho tiempo (Plural).,Enaena.
Se bañó por mucho tiempo.,Nawanawane.
Rayó (la yuca) por mucho tiempo.,Iriiriba.
Siguió mandando (repetidamente).,Itoitoroba.
"Pregunta directa (""¿Cuál quiere?"")",¿Qué quiere tomar? (¿Quiere tinto o limonada?)
"Condicional (""Si no..."")","¿Quiere tinto? Si no, ¿quiere limonada?"
"Condicional (""Si no..."")","Váyase. Si no, quédese."
Préstamo (Uso del español),¿Quiere café o limonada?
Belia,Hacia el norte o sur (o hacia afuera).
Betsia,Hacia el occidente (o hacia arriba).
Bereca,Hacia el oriente (o hacia abajo).
Werena,Desde el norte o sur (o desde afuera).
Wetsica,Desde el occidente (o desde arriba).
Wetsina,Desde el oriente (o desde abajo).
Welia,"Desde aquí (o un punto), hacia el norte o sur."
Wetsia,"Desde aquí (o un punto), hacia el occidente (o arriba)."
Wereca,"Desde aquí (o un punto), hacia el oriente (o abajo)."
Berena,"Hacia acá (o un punto), desde el norte o sur (o afuera)."
Betsica,"Hacia acá (o un punto), desde el occidente (o arriba)."
Betsina,"Hacia acá (o un punto), desde el oriente (o abajo)."
Roberto wetsina pata.,Roberto llegó desde el oriente.
Sara bereca pona.,Sara se fue hacia el oriente.
Roberto wereca pona.,Roberto se fue de aquí (hacia el oriente).
Sara wetsia eca.,Sara está sentada a este lado de algo que está en el occidente.
¿De dónde?,¿Detsa werena?
Flecha / Verada de flecha,Xuatabo
Alacrán,Aqueto
llegar,Pata
"Abrir (libro, etc.)",Pata
Huevo,Petobeto
"Hombre latino (""blanco"")",Wowaine
Pez pavón,Bowitsane
Lombriz (tierra o intestinal),Towinabo
Pez piraña (o caribe),Cowarabo
Muchacha,Pejewaxiwa
Lluvia / Está lloviendo,Ema
Casabe,Peri
pueblo,tomara
pueblos,tomarane
dos pueblos,tomarabeje
pueblitos,tomaraxi
río,mene
ríos,meniane
dos ríos,menebeje
riitos,menexi
conuco,pabi
conucos,pabiane
dos conucos,pabibeje
conuquitos,pabixi
sabana,wayafo
sabanas,wayafuane
dos sabanas,wayafobeje
sabanitas,wayafoxi
monte,unu
montes,unuane
dos montes,unubeje
montesitos,unuxi
hoyo,methe
hoyos,metneane
dos hoyos,methebeje
hoyitos,methexi
lagartijo,tiwa
lagartijos,tiwane
dos lagartijos,tiwabeje
lagartijitos,tiwaxi
palabra,pijume
palabras,pijumene
dos palabras,pijumebeje
palabritas,pijumexi
canción,waji
canciones,wajiane
dos canciones,wajibeje
cancioncitas,wajixi
puente,imo
puentes,imone
dos puentes,imobeje
puentecitos,imoxi
otra cosa,itsajawa
otras cosas,itsajawane
otras dos cosas,itsajawabeje
otras cositas,itsajawaxi
otro cilindro,itsabo
otros cilindros,itsabone
otros dos cilindros,itsabobeje
otros cilindritos,itsaboxi
otra manera,itsacujiru
otras maneras,itsacujiruane
otras dos maneras,itsacujirubeje
otras maneritas,itsacujiruxi
otro líquido,itsara
otros líquidos,itsarane
otros dos líquidos,itsarabeje
otros liquiditos,itsaraxi
otro vehículo,itsamo
otros vehículos,itsamone
otros dos vehículos,itsamobeje
otros vehiculitos,itsamoxi
otro racimo,itsaru
otros racimos,itsaruane
otros dos racimos,itsarubeje
otros racimitos,itsaruxi
hombre,pëbi
hombres,pëbijiwi
dos hombres,pëbitsibeje
hombrecitos,pëbinëxi
mujer,petiriwa
mujeres,petiriawi
dos mujeres,petiriwabeje
mujercitas,petiriwaxi
peces (forma primitiva/plural),dujuai
pez (forma singular),dujuainë
peces (plural con -anë),dujuainëanë
pececitos,dujuainëxi
alacranes (forma primitiva/plural),aque
alacrán (forma singular),aqueto
alacranes (plural con -anë),aquetonë
dos alacranes (dual),aquetobeje
alacrancitos,aquetoxi
veradas (forma primitiva/plural),xuata
verada (forma singular),xuatabo
veradas (plural con -anë),xuatabonë
veraditas,xuataboxi
dos osos meleros,cofiabeje
ositos meleros,cofiaxi
gente (sustantivo colectivo),jiwi
hombre (Sikuani/Guahibo),jiwitone
hombres (Sikuani/Guahibo),jiwitoneane
mujer (Sikuani/Guahibo),jiwitowa
mujeres (Sikuani/Guahibo),jiwitowane
antes de,-wajenae
delante de / frente de,-wajenaeya
después de / detrás de,-cujinae
al lado de,-canacujitsia
en / con,-ta
en el lugar de / cuando,-jawata
durante todo,-jebi / -jebita
por / a través de,-a (-ya) / -jawa
porque / por ser,-xae
por culpa de,-cobexae
por culpa de (reprensión),-maxetepa
para,-nexa
para que no / evitar que,-yaniwa
Llegué antes de la lluvia.,Pataje emawajenae.
Está parado delante de la casa.,Bowajenaeya nuca.
Irá antes del verano.,Waiwajenaeya ponaena.
Está (parado) detrás de la casa.,Bocujinae nuca.
Sembrará después del verano.,Waicujinae ubiana.
El avión cayó al lado de la casa.,Bocanacujitsia avión jopa.
Está en mi casa (parado).,Tajabota nuca.
Llegó a la casa.,Bojawata pata.
Ladra porque es un perro.,Awirixae jojojai.
"Porque era mi casa, la vendí.",Tajabomixae canajetaje.
No fui porque llovió (culpa de la lluvia).,Emacobexae apoponaene.
"Por culpa de la lluvia, no tenemos casabe.",Emamaxetepa peri ajibi.
Lo compró para la casa.,Bonexa comuata.
Está acostado en la hamaca para evitar el rayo.,Yamaxeyaniwa ruca.
Lo colgó contra (para evitar) el rayo.,Yamaxeyaniwa ruta.
El perro ladró toda la noche.,Merawijebi awiri jojojai.
Comeré antes de irme.,Nabananaje taponaewajenaeya.
Estoy cansado después del viaje.,Cueranaje taponaecujinae.
Comeré cuando llegue.,Nabananaje tapatsijawata.
Estoy cansado porque fui.,Cueranaje taponaexae.
Iré a (para) trabajar.,Ponanaje tanacuenebinexa.
Iré para no trabajar.,Ponanaje tanacuenebiyaniwa.
Está (parado) detrás de la casa en el lado oriental.,Bocujinaereca nuca.
Llegó a la casa que está en el oriente.,Bojawatareca pata.
Hola.,Bajaco
Respuesta.,Je
¿Qué hay?,Jica
Sí. (Respuesta.),Jaja
Estamos aquí.,Paenajë
Respuesta.,Je
Vine/vinimos a visitarles.,Pacasiwaxainatsi
Respuesta.,Je
Siga para adentro.,Jonëmena
Respuesta. (Bueno.),Je
Hasta luego. (Regreso ya.),Nawiatajë baja
Respuesta.,Je
Me voy ya.,Ponajë baja
Respuesta.,Je
¿Cuál es su nombre? (Ud.),Dëtsa pawënëmë xamë
¿Cómo se llama su esposo?,Dëtsa pawënë amona
¿Cómo se llama su esposa?,Dëtsa pawënë nijawayo
¿Cómo se llama su hijo?,Dëtsa pawënë nexënato
¿Cómo se llama su hija?,Dëtsa pawënë nexënatoyo
¿Cómo se llama él?,Dëtsa pawënë ponë
¿Cómo se llama ella?,Dëtsa pawënë powa
¿Cuántos años tiene? (Ud.),Dëtsa pawaiibeje xainame
¿Dónde vive usted?,Dëtsa jota ëcame
¿Dónde nació usted?,Dëtsa jota naexaname
¿Cuántos hijos tiene usted?,Dëtsa pajiwiyobeje nexi
¿De dónde vino usted?,Dëtsa wërena patame
¿Dónde queda la escuela?,Dëtsa jota ëca escuëlabo
¿Dónde está Juan?,Dëtsa jota ëca Juan
Está en su casa.,Pijabota ëca
Está trabajando en su conuco.,Pabita nacuëneba
Está pescando (o cazando).,Jina
Está cazando (o pescando).,Narujuaita
¿Qué está haciendo usted?,Dëtsa xua exaname
¿Qué estoy haciendo?,Dëtsa xua exanajë
¿Qué está haciendo él/ella/ellos?,Dëtsa xua exana
¿Qué animal está cantando?,Dëtsa ponë fiaba
¿Qué es?,Dëtsa pitsijawa
¿Qué busca usted?,Dëtsa xua jaitame
¿Cuándo irá usted?,Dëtsa pacujinae ponaename
Hoy.,Ajëna
Mañana.,Merawia
Pasado mañana.,Pamerawia/Merawia caeto
¿Quién llegó?,Jipatsa pata
¿Para dónde va usted?,Dëtsa beliamë
Voy al conuco.,Pabiabelianë
Voy al río.,Meniabelianë
Al caño.,Penajatojawabelia
A la casa.,Boyabelia
¿Cuándo vendrá? (Ud.),Dëtsa pacujinae patsianame
Deme casabe.,Përi nerajure
Le compro casabe.,Përi cacomuatsiantsi
¿Cuánto cuesta?,Dëtsa pacuënia namatamota
¿Qué es/era el precio?,Dëtsa pamatamo
¿Cuánto me cobrarás?,Dëtsa pacuënia necobrabianame
Présteme la/su pala.,Pala netsicopatsianame
Se la presto solamente.,Saya catsicopatsianatsi
No quiero venderlo.,Apojitsipaënë tacanajëtsijawa
Es único. (No tengo más.),Caejawayo bitso
No hay./No tengo.,Ajibi
Hágame un favor.,Pexaniacuëne netoexanare
Ayúdame.,Neyawenonaename
Le pagaré.,Camatamotsiantsi
No quiero comprarlo.,Apojitsipaënë tacomuatsijawa
Vale mucho.,Namatamota bitso
Es gratis.,Amonëya
No le oí/no le entendí (a usted).,Apo cajumetaetsi
Otra vez.,Icatsia
Despacio./En voz baja.,Beaxayo
¿Cuál es el significado de aquella palabra?,Dëtsa pajamatabëcuëne xaina bajarapajume
¿Cómo se llama esto?,Dëtsa pawënë maxuaje
¿Cómo se llama aquella cosa?,Dëtsa pawënë bajaraxua
¿Qué estoy haciendo?,Dëtsa xua exanajë
¿Cómo se siente?,Dëtsa itsimë
¿Tiene dolor?,Atanemë
Sí.,Jaja
No. No tengo. (No hay.),Jume Ajibi
¿Dónde le duele?,Dëtsa jota atane
Aquí.,Majotaje
¿Cuándo principió?,Detsa pacujinae taxuxuaba
Tengo dos semanas (desde que se principió).,Anijasemanabeje xainajë
¿Tiene diarrea?,Suliabatsi
¿Usted tiene diarrea?,Casuliaba
¿Tiene vómito?,Yacaba
¿Usted tiene vómito?,Yacabame
¿Tiene fiebre?,Romaebatsi
¿Usted tiene fiebre?,Caromaeba
¿Tiene calor?,Ataju
¿Usted tiene calor?,Atajumë
¿Tiene escalofríos? (¿Le da temblor?),Necotatsi
¿Usted tiene escalofríos?,Canecota
¿Tiene náusea? (¿Le provoca vomitar?),Jamatabëyacaba
¿Usted tiene náusea?,Jamatabëyacabame
¿Le arde?,Sajawa
Está hinchado.,Yajina
Tiene sangre (o hemorragia).,Pijina
Tengo sangre (o hemorragia).,Tajana
Está infectado.,Tsabana
Está amarillo.,Wayana
Está pálido.,Najerona
Tiene parásitos intestinales.,Towina xaina
Tiene corta la respiración.,Pijumali/Jumalibatsi
Tiene sarampión.,Atsabo xaina/Quiriquiri xaina
Vomitó lombrices.,Towina yacaba
Tiene moco.,Pumunibatsi
Está ronco.,Acuibojumëbi
Tiene trastornos mentales.,Namataxaina
Está muy inquieto.,Matajemabatsi
Se privó.,Tëpajunua
Se priva (más de una vez).,Tëpajunujunua
"Está cansado, o débil.",Cuerana
Está adormecido.,Tsënena
Lea esto.,Yorobare maxuaje
Escriba esto.,Yaquinare maxuaje
¿Qué dice esto?,Dëtsa jumaitsi maxuaje
Vamos a contar.,Namataëjetsianatsi
Vamos a leer.,Yorobianatsi
Vamos a cantar.,Naxënaenatsi
Sigan (para adentro).,Pajonëmena
Siéntense.,Paenare
Venga y escriba en el tablero.,Naxatsia tableroya yaquinare
Escriba su nombre aquí.,Newënë yaquinare majotaje
Pónganse de pie.,Panonotapunare
Quisiera salir para orinar.,Jitsipajë tanaraejawa / Naraejitsianë
"Bueno, siga.",Je
Rápido.,Naxatsiayo
Pueden salir.,Papitsapaename
Vamos a jugar.,Namuxusitsianatsi
No. (respuesta a una pregunta),Jume
Sí. (respuesta a una pregunta),Jaja
Bueno; bien. (respuesta a una orden y a muchas declaraciones),Je
¿Sí? ¿Verdad? (respuesta a información ofrecida en la conversación),¿Jai?
¿Qué? (respuesta cuando alguien lo llama a uno por nombre),Jo / Ju / Jui
"¿Qué?; ¿Cómo? (pregunta, cuando no se oye bien)",¿Dëra xua? / ¿De xua?
Tengo hambre.,Tajani
El/ella tiene hambre./Ellos tienen hambre.,Pijani
Tengo frío.,Aquënë
Tengo calor.,Atajunë
Quiero dormir.,Jitsipajë tamajitsijawa
Voy a orinar.,Naraejitsianë
¿Dónde siempre matan el tigre (defecan)? / ¿Dónde siempre defecan?,Dëtsa jota newëthë pabeyabiabame / Dëtsa jota panajematabiabame
Voy a matar un tigre. / Voy a defecar.,Newëthë bejitsianë / Najematabajë
Voy a traer agua.,Mëra puatsijitsianë
Tengo dolor de cabeza.,Amatatanenë
Tengo dolor de muela.,Awonotanenë
Estoy cansado.,Cuëranajë
Tengo fiebre.,Neromaeba
Tengo sueño.,Itamajitsipanajë
Voy a dormir.,Majitsijitsianë
Estoy lavando mi ropa. / Lavé mi ropa.,Tajaëse quiatajë
Estoy lavándome las manos. / Me lavé las manos.,Nacobequiatajë
Voy a bañarme.,Nawaejitsianë
¡Venga!; ¡Apúrese!,Naxatsia
¡Cuidado!,Xania
¡Ay! / ¡Ay ay ay! (sorpresa),Jaipe
¡Ay ay ay! (dolor),Jaque
¡Mire!,Taema / Nataema
¡Tenga!,Aja
¡No moleste! (¡Deje de hacerlo!),Itonopae
Es bueno. (Gracias.),Xanepana
Estoy feliz.,Barëyanë
Muéstremelo.,Netsitajëtsianame
Va a llover.,Emajitsia
¿Quién sabe?; No sé.,Itsabo
No sé.,Apoyapëtaenë
¿Me entiende/entendió?,Nejumetaneme
Sí. Le entiendo/entendí.,Jaja. Cajumetanetsi.
Diga (tal cosa).,"______, jamëre."
¿Durmió (Ud.) bien?,Xaniawaetsia majitame
Sí. Dormí bien.,Jaja. Xaniawaetsia majitajë.
Duerma bien.,Xaniawaetsia majitsianame
